id;config_name;value_before;value_after;modified_date;modified_username;modified_fullname
1;Designer Unbranded;implement;port Plains scale;2024-12-04T13:08:17;Account;virtual Investor Centralized
2;Pines;Account Concrete AI;New drive;2024-12-05T01:14:11;grey Inlet;Associate
3;redundant virtual Account;mobile Bedfordshire;Soft;2024-12-04T14:50:06;Streamlined set;Forge front-end
4;web Account ROI;Loan Fantastic 1080p;wireless models;2024-12-04T10:17:19;York emulation;copying Stream
5;Barthelemy;Associate Mouse Architect;Vermont Planner archive;2024-12-04T22:07:19;executive;Licensed
6;payment States;deposit;primary withdrawal back;2024-12-04T19:49:01;portal Streamlined wireless;firewall
7;withdrawal Investment eyeballs;value-added Rubber;Loan Account;2024-12-04T09:25:51;Multi-channelled hacking;synergy index modular
8;Garden Soap green;Fantastic;Plastic;2024-12-04T07:53:59;Steel;Dale Planner Iran
9;morph overriding;Beauty Tactics;composite payment customized;2024-12-04T04:49:41;Bedfordshire network Analyst;customized Product asymmetric
10;sensor;Baby ADP;Colombia streamline;2024-12-04T18:11:35;tan Handcrafted;Usability cross-platform South
