id;account_id;account_code;account_name;mapping_account;account_email;account_phone;account_type_name;gender_name;industry_name;owner_employee_id
1;Assistant;Market;Auto Loan Account;green Investment Security;SQL;empower auxiliary experiences;Sahara;Kong deposit;indexing Ball;27422
2;synthesize Directives;online;Savings Account;Administrator Progressive extranet;bypass California Spurs;secondary Front-line Tennessee;transmit;Compatible Small;Chicken Account Dollar;76582
3;initiatives azure;benchmark invoice Tuna;Investment Account;COM connect;Loan Rustic Re-engineered;hacking;Berkshire;Georgia;override;46210
4;Outdoors transparent;Kenya UIC-Franc;Investment Account;redefine;overriding Cotton;approach matrix Shoes;Virtual channels invoice;gold high-level;transitional intuitive black;10944
5;Manat;Account silver wireless;Auto Loan Account;Personal;Stand-alone Mississippi;Cambridgeshire SMTP Licensed;functionalities Meadows;Keyboard Global scale;generating;75531
6;embrace;user indexing monitor;Auto Loan Account;Wisconsin;full-range;SAS;Mouse;multi-byte Mississippi payment;connecting;36773
7;transmit Freeway;Beauty XSS Curve;Credit Card Account;online;Soap;Buckinghamshire turquoise User;Mandatory Tajikistan Ville;Parkway scalable;foreground SSL transparent;69300
8;Cambridgeshire Global;Savings uniform;Personal Loan Account;Internal primary Lithuania;Connecticut edge Springs;Convertible;quantifying Avon Tome;Health redundant Grocery;Loan;27956
9;Lakes Grocery Ball;Proactive Riel;Investment Account;Montana Pennsylvania payment;input haptic Frozen;sexy;Agent;Ball monitor;payment;1007
10;web-readiness Soft Tenge;PCI;Credit Card Account;Cambridgeshire Unbranded;SDD;interface payment Unions;Metal payment Optimization;Lead Licensed;Generic Kiribati;87213
