id;employee_code;employee_name;username;password;active;company_code;company_name;organization_id;employee_last_name;employee_middle_name;employee_title_id;employee_title_name;employee_full_name;created_date;created_by;last_modified_date;last_modified_by
1;calculate networks;Account modular Concrete;Tuna Bedfordshire;Tuna;57012;override;Small Indiana Sleek;alarm Switchable dot-com;reinvent orchestrate;Africa synergy Albania;mobile Granite;Plastic;pink;2024-12-04T03:18:46;alarm;2024-12-04T15:40:53;time-frame calculate
2;Soap;Fish Devolved rich;Kiribati Group;Movies;63673;Infrastructure Bike;North bluetooth Bike;functionalities;microchip;Secured;Bedfordshire;Alaska Checking National;24/7;2024-12-04T16:38:33;Baby;2024-12-04T22:13:36;Operations upward-trending
3;Soft Steel Awesome;architecture Cyprus;communities redundant incentivize;payment Assimilated;1110;Upgradable Unbranded;SMS SMTP customized;Unbranded;bandwidth;Philippine back Music;Granite;mindshare;killer;2024-12-04T07:05:42;Glen;2024-12-04T22:38:00;generate Principal green
4;Gorgeous;engage;Expanded Agent;transmitter reboot TCP;6593;Computer approach Managed;Fantastic synthesize;JBOD invoice Hawaii;framework;Car mobile transition;needs-based open-source;Borders;Frozen;2024-12-04T22:25:20;Inverse Germany;2024-12-04T21:40:38;metrics
5;Frozen;Loan Cambridgeshire policy;cross-platform fuchsia Computer;radical Fresh;95477;bleeding-edge;lavender Bouvet interface;cross-platform;Car Steel portals;Customer circuit;Montana fuchsia;Visionary;Wooden;2024-12-04T19:58:59;Cotton Infrastructure sexy;2024-12-05T00:18:37;Account generating
6;Jewelery deposit Assurance;Polynesia;Quality;Mill schemas Summit;32399;Representative red;Maryland Mayotte Implemented;holistic;cyan;Soap withdrawal;withdrawal Applications;Cotton reinvent synthesize;Account Intranet;2024-12-04T04:38:49;Colorado;2024-12-04T06:20:12;transition Coordinator synergies
7;Avon Tennessee;Investment bandwidth deposit;Automotive;Tactics SAS out-of-the-box;93389;RAM reciprocal Pants;magnetic Mews;Unbranded infrastructures;International Yen;expedite Shirt Investment;multimedia Intelligent;morph;Loan Auto Grass-roots;2024-12-04T14:47:35;Minnesota Louisiana;2024-12-04T10:11:25;solid Incredible Extended
8;Car Operative;Wyoming Account Interactions;discrete synergies Forge;user-facing back-end Ergonomic;45743;streamline composite;frame microchip productize;Refined Soft;National;FTP;Lira;transmitting Granite;enable Soap;2024-12-04T11:04:59;optimal;2024-12-04T10:06:36;generate
9;transmit Games Functionality;matrix Communications invoice;Soft Sausages panel;Fantastic;95124;Oro;Loan sensor Metal;Synergized Louisiana architectures;installation Facilitator;Borders open-source;quantifying;invoice;Chair invoice Fantastic;2024-12-04T04:00:48;relationships;2024-12-04T12:26:39;primary Plastic Fresh
10;sensor Lari withdrawal;bus;invoice;e-business Metal;98253;generating Mississippi;Devolved;e-services Square Colorado;deposit application Loan;Pants;Cross-platform Sausages internet;Bacon mobile interfaces;lime Swaziland;2024-12-05T01:20:28;Man;2024-12-04T09:14:22;Nakfa
