id;resource_url;resource_desc;created_date;created_by;last_modified_date;last_modified_by
1;CSS AI;Beauty Account FTP;2024-12-04T09:49:02;PCI;2024-12-04T21:49:48;deposit Card policy
2;frictionless;Mauritania invoice;2024-12-04T17:53:07;Fresh moderator;2024-12-04T09:51:56;web
3;synergies deploy;sky Colorado Games;2024-12-04T20:09:14;Avon;2024-12-04T20:08:16;transmitting Buckinghamshire Multi-channelled
4;matrix generating CSS;National Handmade;2024-12-04T23:05:05;Rhode;2024-12-04T06:06:03;client-server Dynamic capacitor
5;Licensed;bleeding-edge;2024-12-04T12:22:32;deposit program Ports;2024-12-04T09:51:42;6th
6;generate;Granite;2024-12-04T14:20:34;incentivize Chips;2024-12-05T01:14:00;Licensed area Assistant
7;e-services Corners;fault-tolerant Granite Supervisor;2024-12-04T13:45:41;Games Mountains Avon;2024-12-05T01:59:49;Gloves bottom-line
8;payment input Designer;Kids Africa;2024-12-04T10:51:44;Sports Parks Bermuda;2024-12-04T18:17:18;Bedfordshire
9;Litas;Associate Facilitator Dollar;2024-12-04T08:00:00;invoice Lead generate;2024-12-04T19:46:15;Heights
10;Chair virtual;Chips;2024-12-04T18:34:13;multi-byte compelling;2024-12-04T12:31:43;generating TCP
