id;order_id;contract_id;owner_employee_id;product_id;total_value;order_stage_id;order_stage_name;created_date;created_by;last_modified_date;last_modified_by
1;Flat District;Small;neutral Representative Well;Lithuanian;37311;deposit;Automotive Washington;2024-12-04T10:08:02;hack up robust;2024-12-04T07:10:53;Data Bike harness
2;solid interactive;payment hacking Bedfordshire;Licensed Shoes Account;input;63538;capacitor global monetize;Loop Bacon hack;2024-12-05T01:40:31;infomediaries FTP;2024-12-04T11:39:04;e-enable Keyboard 1080p
3;Program;JBOD Generic;Berkshire system;Lead bi-directional;22904;Soft Ball Soft;Facilitator extranet;2024-12-04T19:08:07;bandwidth;2024-12-04T07:04:18;pixel Account navigate
4;deposit Soft Jordan;withdrawal Frozen;Club;PNG;75194;array payment Auto;synthesize;2024-12-04T03:19:19;bleeding-edge;2024-12-05T01:58:53;heuristic
5;Granite calculate override;open-source sensor;Streamlined;Cambridgeshire;12545;Investment RSS transform;Engineer Managed;2024-12-04T10:03:45;Avon;2024-12-04T09:20:24;Fresh Industrial copy
6;Administrator;e-business Cheese;firewall;blue Steel;31959;wireless synergize input;Slovakia;2024-12-04T19:01:32;Jordan;2024-12-05T00:06:44;Congolese
7;Research;motivating;copying calculating;wireless Chips Squares;71226;Home Court relationships;indexing action-items;2024-12-04T19:50:38;TCP;2024-12-04T08:24:19;envisioneer experiences grey
8;Soft Advanced;Supervisor;Orchestrator;hacking driver;48851;Programmable Borders Consultant;alarm;2024-12-04T13:04:34;Adaptive SMS revolutionary;2024-12-04T21:51:47;input Loan
9;Horizontal Zimbabwe real-time;Planner Computer;Customer Dynamic;Generic;89032;Optional users interface;calculate bus;2024-12-04T11:26:35;Glens;2024-12-04T18:23:25;bandwidth-monitored alarm orchestrate
10;Borders Synchronised withdrawal;Assistant Kids;application;blockchains mobile;62099;cross-media Designer;info-mediaries Rustic;2024-12-04T09:07:09;Sausages visualize;2024-12-04T22:29:12;Senior
